id,name,email
1,Alice,alice@example.com
2,Bob,bob@example.com
3,Charlie,charlie@example.com
5,User Baru,user@example.com
6,User Baru,user@example.com
7,User Baru,user@example.com
8,User Baru,user@example.com
9,User Baru,user@example.com
10,User Baru,user@example.com
11,User Baru,user@example.com
12,User Baru,user@example.com
13,User Baru,user@example.com
14,User Baru,user@example.com
15,User Baru,user@example.com
16,User Baru,user@example.com
17,User Baru,user@example.com
18,User Baru,user@example.com
19,User Baru,user@example.com
20,User Baru,user@example.com
21,User Baru,user@example.com
22,User Baru,user@example.com
23,User Baru,user@example.com
24,User Baru,user@example.com
25,User Baru,user@example.com
26,User Baru,user@example.com
27,User Baru,user@example.com
28,User Baru,user@example.com
29,User Baru,user@example.com
30,User Baru,user@example.com
31,User Baru,user@example.com
32,User Baru,user@example.com
33,User Baru,user@example.com
34,User Baru,user@example.com
35,User Baru,user@example.com
36,User Baru,user@example.com
37,User Baru,user@example.com
38,User Baru,user@example.com
39,User Baru,user@example.com
40,User Baru,user@example.com
41,User Baru,user@example.com
42,User Baru,user@example.com
43,User Baru,user@example.com
44,User Baru,user@example.com
45,Baru,user@example.com
46,Baru,user@example.com
47,Baru,user@example.com
48,Baru,user@example.com
49,Baru,user@example.com
50,Baru,user@example.com
51,Baru,user@example.com
52,Baru,user@example.com
53,Baru,user@example.com
54,Baru,user@example.com
55,Baru,user@example.com
56,Baru,user@example.com
57,Baru,user@example.com
58,Baru,user@example.com
59,Baru,user@example.com
60,Baru,user@example.com
61,Baru,user@example.com
62,Baru,user@example.com
63,Baru,user@example.com
64,Baru,user@example.com
65,Baru,user@example.com
66,Baru,user@example.com
67,Baru,user@example.com
68,Baru,user@example.com
69,Baru,user@example.com
70,Baru,user@example.com
71,Baru,user@example.com
72,Baru,user@example.com
73,Baru,user@example.com
74,Baru,user@example.com
75,Baru,user@example.com
76,Baru,user@example.com
77,Baru,user@example.com
78,Baru,user@example.com
79,Baru,user@example.com
80,Baru,user@example.com
81,Baru,user@example.com
82,Baru,user@example.com
83,Baru,user@example.com
84,Baru,user@example.com
85,Baru,user@example.com
86,Baru,user@example.com
87,Baru,user@example.com
88,Baru,user@example.com
89,Baru,user@example.com
90,Baru,user@example.com
91,Baru,user@example.com
92,Baru,user@example.com
93,Baru,user@example.com
94,Baru,user@example.com
95,Baru,user@example.com
96,Baru,user@example.com
97,Baru,user@example.com
98,Baru,user@example.com
99,Baru,user@example.com
100,Baru,user@example.com
